{
  "cfg": {
    "name": "rtA2-rarity-bp1.0",
    "steps": 500,
    "world_size": 4,
    "shard_mean": 1.7,
    "urn_mean": 1.3,
    "num_envs": 8192,
    "minibatch": 16384,
    "num_epochs": 1,
    "num_env_steps": 64,
    "lr": 0.003,
    "entropy_coeff": 0.01,
    "seed": 1,
    "reward_params": {
      "break_penalty": 1.0,
      "shaping_coeff": 0.5,
      "step_cost": 0.02,
      "waste_penalty": 0.0,
      "bin_reward": 1.0
    }
  },
  "wall_min": 5.59,
  "final": {
    "random": {
      "mean_regret": 0.011279040947556496,
      "max_regret": 2.672917366027832,
      "frac_solved": 0.9505000114440918,
      "break_rate": 0.06599999964237213,
      "mean_optimal": 1.3704906702041626,
      "mean_achieved": 1.3592119216918945,
      "n": 2000
    },
    "walls": {
      "mean_regret": 0.4254651963710785,
      "max_regret": 1.276395559310913,
      "frac_solved": 0.6666666865348816,
      "break_rate": 1.0,
      "mean_optimal": 2.9201622009277344,
      "mean_achieved": 2.494697332382202,
      "n": 3
    }
  }
}